[
    {"codigo":"PE","descripcion":"PE-PERU"},
    {"codigo":"AR","descripcion":"AR-ARGENTINA"},
    {"codigo":"BO","descripcion":"BO-BOLIVIA", "aduana": "181", "orden":1},
    {"codigo":"BR","descripcion":"BR-BRAZIL"},
    {"codigo":"CO","descripcion":"CO-COLOMBIA", "aduana": "019", "orden":2},
    {"codigo":"CL","descripcion":"CL-CHILE", "aduana": "172", "orden":1},
    {"codigo":"EC","descripcion":"EC-ECUADOR", "aduana":"019", "orden":1},  
    {"codigo":"PY","descripcion":"PY-PARAGUAY"},
    {"codigo":"UY","descripcion":"UY-URUGUAY"},
    {"codigo":"VE","descripcion":"VE-VENEZUELA"},
    {"codigo":"PA","descripcion":"PA-PANAMA"},
    {"codigo":"CU","descripcion":"CU-CUBA"},
    {"codigo":"US","descripcion":"US-UNITED STATES"},
    {"codigo":"HK","descripcion":"HK-HONG KONG"},
    {"codigo":"CN","descripcion":"CN-CHINA"},
    {"codigo":"ES","descripcion":"ES-SPAIN"},
    {"codigo":"AF","descripcion":"AF-AFGHANISTAN"},
    {"codigo":"AL","descripcion":"AL-ALBANIA"},
    {"codigo":"1M","descripcion":"1M-ALEMANIA"},
    {"codigo":"DZ","descripcion":"DZ-ALGERIA"},
    {"codigo":"AS","descripcion":"AS-AMERICAN SAMOA"},
    {"codigo":"AD","descripcion":"AD-ANDORRA"},
    {"codigo":"AO","descripcion":"AO-ANGOLA"},
    {"codigo":"AI","descripcion":"AI-ANGUILLA"},
    {"codigo":"AQ","descripcion":"AQ-ANTARCTICA"},
    {"codigo":"AG","descripcion":"AG-ANTIGUA AND BARBUDA"},
    {"codigo":"AM","descripcion":"AM-ARMENIA"},
    {"codigo":"AW","descripcion":"AW-ARUBA"},
    {"codigo":"AU","descripcion":"AU-AUSTRALIA"},
    {"codigo":"AT","descripcion":"AT-AUSTRIA"},
    {"codigo":"AZ","descripcion":"AZ-AZERBAIJAN"},
    {"codigo":"BS","descripcion":"BS-BAHAMAS"},
    {"codigo":"BH","descripcion":"BH-BAHRAIN"},
    {"codigo":"BD","descripcion":"BD-BANGLADESH"},
    {"codigo":"BB","descripcion":"BB-BARBADOS"},
    {"codigo":"BY","descripcion":"BY-BELARUS"},
    {"codigo":"BE","descripcion":"BE-BELGIUM"},
    {"codigo":"BZ","descripcion":"BZ-BELIZE"},
    {"codigo":"BJ","descripcion":"BJ-BENIN"},
    {"codigo":"BM","descripcion":"BM-BERMUDA"},
    {"codigo":"BT","descripcion":"BT-BHUTAN"},
    {"codigo":"BA","descripcion":"BA-BOSNIA AND HERZEGOVINA"},
    {"codigo":"BW","descripcion":"BW-BOTSWANA"},
    {"codigo":"BV","descripcion":"BV-BOUVET ISLAND"},
    {"codigo":"IO","descripcion":"IO-BRITISH INDIAN OCEAN TERRITORY"},
    {"codigo":"BN","descripcion":"BN-BRUNEI DARUSSALAM"},
    {"codigo":"BG","descripcion":"BG-BULGARIA"},
    {"codigo":"BF","descripcion":"BF-BURKINA FASO"},
    {"codigo":"BI","descripcion":"BI-BURUNDI"},
    {"codigo":"KH","descripcion":"KH-CAMBODIA"},
    {"codigo":"CM","descripcion":"CM-CAMEROON"},
    {"codigo":"CA","descripcion":"CA-CANADA"},
    {"codigo":"1N","descripcion":"1N-CANAL (NORMANDAS), ISLAS"},
    {"codigo":"1O","descripcion":"1O-CANTON Y ENDERBURRY"},
    {"codigo":"CV","descripcion":"CV-CAPE VERDE"},
    {"codigo":"KY","descripcion":"KY-CAYMAN ISLANDS"},
    {"codigo":"CF","descripcion":"CF-CENTRAL AFRICAN REPUBLIC"},
    {"codigo":"TD","descripcion":"TD-CHAD"},
    {"codigo":"1A","descripcion":"1A-CHECOSLOVAQUIA"},
    {"codigo":"CX","descripcion":"CX-CHRISTMAS ISLAND"},
    {"codigo":"CC","descripcion":"CC-COCOS (KEELING) ISLANDS"},
    {"codigo":"KM","descripcion":"KM-COMOROS"},
    {"codigo":"1J","descripcion":"1J-COMUNIDAD ECONOMICA EUROPEA"},
    {"codigo":"CG","descripcion":"CG-CONGO"},
    {"codigo":"CK","descripcion":"CK-COOK ISLANDS"},
    {"codigo":"1K","descripcion":"1K-COSTA DE MARFIL"},
    {"codigo":"CR","descripcion":"CR-COSTA RICA"},
    {"codigo":"CI","descripcion":"CI-COTE D'IVOIRE"},
    {"codigo":"HR","descripcion":"HR-CROATIA"},
    {"codigo":"CY","descripcion":"CY-CYPRUS"},
    {"codigo":"CZ","descripcion":"CZ-CZECH REPUBLIC"},
    {"codigo":"DK","descripcion":"DK-DENMARK"},
    {"codigo":"DJ","descripcion":"DJ-DJIBOUTI"},
    {"codigo":"DM","descripcion":"DM-DOMINICA"},
    {"codigo":"DO","descripcion":"DO-DOMINICAN REPUBLIC"},
    {"codigo":"TP","descripcion":"TP-EAST TIMOR"},
    {"codigo":"EG","descripcion":"EG-EGYPT"},
    {"codigo":"SV","descripcion":"SV-EL SALVADOR"},
    {"codigo":"GQ","descripcion":"GQ-EQUATORIAL GUINEA"},
    {"codigo":"ER","descripcion":"ER-ERITREA"},
    {"codigo":"1G","descripcion":"1G-ESCOCIA"},
    {"codigo":"EE","descripcion":"EE-ESTONIA"},
    {"codigo":"ET","descripcion":"ET-ETHIOPIA"},
    {"codigo":"FK","descripcion":"FK-FALKLAND ISLANDS (MALVINAS)"},
    {"codigo":"FO","descripcion":"FO-FAROE ISLANDS"},
    {"codigo":"FJ","descripcion":"FJ-FIJI"},
    {"codigo":"FI","descripcion":"FI-FINLAND"},
    {"codigo":"FR","descripcion":"FR-FRANCE"},
    {"codigo":"FX","descripcion":"FX-FRANCE, METROPOLITAN"},
    {"codigo":"GF","descripcion":"GF-FRENCH GUIANA"},
    {"codigo":"PF","descripcion":"PF-FRENCH POLYNESIA"},
    {"codigo":"TF","descripcion":"TF-FRENCH SOUTHERN TERRITORIES"},
    {"codigo":"GA","descripcion":"GA-GABON"},
    {"codigo":"GM","descripcion":"GM-GAMBIA"},
    {"codigo":"1F","descripcion":"1F-GAZA Y JERICO"},
    {"codigo":"GE","descripcion":"GE-GEORGIA"},
    {"codigo":"DE","descripcion":"DE-GERMANY"},
    {"codigo":"GH","descripcion":"GH-GHANA"},
    {"codigo":"GI","descripcion":"GI-GIBRALTAR"},
    {"codigo":"GR","descripcion":"GR-GREECE"},
    {"codigo":"GL","descripcion":"GL-GREENLAND"},
    {"codigo":"GD","descripcion":"GD-GRENADA"},
    {"codigo":"GP","descripcion":"GP-GUADELOUPE"},
    {"codigo":"GU","descripcion":"GU-GUAM"},
    {"codigo":"GT","descripcion":"GT-GUATEMALA"},
    {"codigo":"GN","descripcion":"GN-GUINEA"},
    {"codigo":"GW","descripcion":"GW-GUINEA-BISSAU"},
    {"codigo":"GY","descripcion":"GY-GUYANA"},
    {"codigo":"HT","descripcion":"HT-HAITI"},
    {"codigo":"HM","descripcion":"HM-HEARD AND MC DONALD ISLANDS"},
    {"codigo":"HN","descripcion":"HN-HONDURAS"},
    {"codigo":"1P","descripcion":"1P-HONDURAS BRITANICAS"},
    {"codigo":"HU","descripcion":"HU-HUNGARY"},
    {"codigo":"IS","descripcion":"IS-ICELAND"},
    {"codigo":"IN","descripcion":"IN-INDIA"},
    {"codigo":"ID","descripcion":"ID-INDONESIA"},
    {"codigo":"XZ","descripcion":"XZ-INTERNACIONAL ZONE"},
    {"codigo":"IR","descripcion":"IR-IRAN (ISLAMIC REPUBLIC OF)"},
    {"codigo":"IQ","descripcion":"IQ-IRAQ"},
    {"codigo":"IE","descripcion":"IE-IRELAND"},
    {"codigo":"IL","descripcion":"IL-ISRAEL"},
    {"codigo":"IT","descripcion":"IT-ITALY"},
    {"codigo":"JE","descripcion":"JE-JERSEY"},
    {"codigo":"JM","descripcion":"JM-JAMAICA"},
    {"codigo":"JP","descripcion":"JP-JAPAN"},
    {"codigo":"1Q","descripcion":"1Q-JONSTON, ISLAS"},
    {"codigo":"JO","descripcion":"JO-JORDAN"},
    {"codigo":"KZ","descripcion":"KZ-KAZAKHSTAN"},
    {"codigo":"KE","descripcion":"KE-KENYA"},
    {"codigo":"KI","descripcion":"KI-KIRIBATI"},
    {"codigo":"KP","descripcion":"KP-KOREA, DEMOCRATIC PEOPLE'S REP. OF"},
    {"codigo":"KR","descripcion":"KR-KOREA, REPUBLIC OF"},
    {"codigo":"KW","descripcion":"KW-KUWAIT"},
    {"codigo":"KG","descripcion":"KG-KYRGYSTAN"},
    {"codigo":"LA","descripcion":"LA-LAO PEOPLE'S DEMOCRATIC REPUBLIC"},
    {"codigo":"LV","descripcion":"LV-LATVIA"},
    {"codigo":"LB","descripcion":"LB-LEBANON"},
    {"codigo":"LS","descripcion":"LS-LESOTHO"},
    {"codigo":"LR","descripcion":"LR-LIBERIA"},
    {"codigo":"LY","descripcion":"LY-LIBYAN ARAB JAMAHIRIYA"},
    {"codigo":"LI","descripcion":"LI-LIECHTENSTEIN"},
    {"codigo":"LT","descripcion":"LT-LITHUANIA"},
    {"codigo":"LU","descripcion":"LU-LUXEMBOURG"},
    {"codigo":"MO","descripcion":"MO-MACAU"},
    {"codigo":"1R","descripcion":"1R-MACEDONIA"},
    {"codigo":"MK","descripcion":"MK-MACEDONIA F.Y.R."},
    {"codigo":"MG","descripcion":"MG-MADAGASCAR"},
    {"codigo":"MW","descripcion":"MW-MALAWI"},
    {"codigo":"MY","descripcion":"MY-MALAYSIA"},
    {"codigo":"MV","descripcion":"MV-MALDIVES"},
    {"codigo":"ML","descripcion":"ML-MALI"},
    {"codigo":"MT","descripcion":"MT-MALTA"},
    {"codigo":"MH","descripcion":"MH-MARSHALL ISLANDS"},
    {"codigo":"MQ","descripcion":"MQ-MARTINIQUE"},
    {"codigo":"MR","descripcion":"MR-MAURITANIA"},
    {"codigo":"MU","descripcion":"MU-MAURITIUS"},
    {"codigo":"YT","descripcion":"YT-MAYOTTE"},
    {"codigo":"FM","descripcion":"FM-MICRONESIA"},
    {"codigo":"1S","descripcion":"1S-MIDWAY, ISLAS"},
    {"codigo":"MD","descripcion":"MD-MOLDOVA"},
    {"codigo":"MC","descripcion":"MC-MONACO"},
    {"codigo":"MN","descripcion":"MN-MONGOLIA"},
    {"codigo":"ME","descripcion":"ME-MONTENEGRO"},
    {"codigo":"MS","descripcion":"MS-MONTSERRAT"},
    {"codigo":"MA","descripcion":"MA-MOROCCO"},
    {"codigo":"MZ","descripcion":"MZ-MOZAMBIQUE"},
    {"codigo":"MM","descripcion":"MM-MYANMAR"},
    {"codigo":"NA","descripcion":"NA-NAMIBIA"},
    {"codigo":"NR","descripcion":"NR-NAURU"},
    {"codigo":"NP","descripcion":"NP-NEPAL"},
    {"codigo":"NL","descripcion":"NL-NETHERLANDS"},
    {"codigo":"AN","descripcion":"AN-NETHERLANDS ANTILLES"},
    {"codigo":"NT","descripcion":"NT-NEUTRAL ZONE"},
    {"codigo":"NC","descripcion":"NC-NEW CALEDONIA"},
    {"codigo":"NZ","descripcion":"NZ-NEW ZEALAND"},
    {"codigo":"NI","descripcion":"NI-NICARAGUA"},
    {"codigo":"NE","descripcion":"NE-NIGER"},
    {"codigo":"NG","descripcion":"NG-NIGERIA"},
    {"codigo":"NU","descripcion":"NU-NIUE"},
    {"codigo":"1E","descripcion":"1E-NO DECLARADOS"},
    {"codigo":"NF","descripcion":"NF-NORFOLK ISLAND"},
    {"codigo":"MP","descripcion":"MP-NORTHERN MARIANA ISLANDS"},
    {"codigo":"NO","descripcion":"NO-NORWAY"},
    {"codigo":"OM","descripcion":"OM-OMAN"},
    {"codigo":"1T","descripcion":"1T-PACIFICO, ISLAS DEL"},
    {"codigo":"1C","descripcion":"1C-PAISES_NO_PREC.EN OP.ABAST.COMBUST.O AVITUALL"},
    {"codigo":"PK","descripcion":"PK-PAKISTAN"},
    {"codigo":"PW","descripcion":"PW-PALAU"},
    {"codigo":"PG","descripcion":"PG-PAPUA NEW GUINEA"},
    {"codigo":"PH","descripcion":"PH-PHILIPPINES"},
    {"codigo":"PN","descripcion":"PN-PITCAIRN"},
    {"codigo":"PL","descripcion":"PL-POLAND"},
    {"codigo":"PT","descripcion":"PT-PORTUGAL"},
    {"codigo":"PR","descripcion":"PR-PUERTO RICO"},
    {"codigo":"QA","descripcion":"QA-QATAR"},
    {"codigo":"1U","descripcion":"1U-REPUBLICA ARABE UNIDA"},
    {"codigo":"RE","descripcion":"RE-REUNION"},
    {"codigo":"RO","descripcion":"RO-ROMANIA"},
    {"codigo":"RU","descripcion":"RU-RUSSIAN FEDERATION"},
    {"codigo":"RW","descripcion":"RW-RWANDA"},
    {"codigo":"SH","descripcion":"SH-SAINT HELENA"},
    {"codigo":"KN","descripcion":"KN-SAINT KITTS AND NEVIS"},
    {"codigo":"LC","descripcion":"LC-SAINT LUCIA"},
    {"codigo":"PM","descripcion":"PM-SAINT PIERRE AND MIQUELON"},
    {"codigo":"VC","descripcion":"VC-SAINT VINCENT AND THE GRENADINES"},
    {"codigo":"WS","descripcion":"WS-SAMOA"},
    {"codigo":"SM","descripcion":"SM-SAN MARINO"},
    {"codigo":"ST","descripcion":"ST-SAO TOME AND PRINCIPE"},
    {"codigo":"SA","descripcion":"SA-SAUDI ARABIA"},
    {"codigo":"SN","descripcion":"SN-SENEGAL"},
    {"codigo":"RS","descripcion":"RS-SERBIA"},
    {"codigo":"CS","descripcion":"CS-SERBIA AND MONTENEGRO"},
    {"codigo":"SC","descripcion":"SC-SEYCHELLES"},
    {"codigo":"SL","descripcion":"SL-SIERRA LEONE"},
    {"codigo":"SG","descripcion":"SG-SINGAPORE"},
    {"codigo":"SK","descripcion":"SK-SLOVAKIA"},
    {"codigo":"SI","descripcion":"SI-SLOVENIA"},
    {"codigo":"SB","descripcion":"SB-SOLOMON ISLANDS"},
    {"codigo":"SO","descripcion":"SO-SOMALIA"},
    {"codigo":"ZA","descripcion":"ZA-SOUTH AFRICA"},
    {"codigo":"GS","descripcion":"GS-SOUTH GEORGIA AND THE SOUTH SANDWICH ISLANDS"},
    {"codigo":"LK","descripcion":"LK-SRI LANKA"},
    {"codigo":"SD","descripcion":"SD-SUDAN"},
    {"codigo":"SR","descripcion":"SR-SURINAME"},
    {"codigo":"SJ","descripcion":"SJ-SVALBARD AND JAN MAYEN ISLANDS"},
    {"codigo":"SZ","descripcion":"SZ-SWAZILAND"},
    {"codigo":"SE","descripcion":"SE-SWEDEN"},
    {"codigo":"CH","descripcion":"CH-SWITZERLAND"},
    {"codigo":"SY","descripcion":"SY-SYRIAN ARAB REPUBLIC"},
    {"codigo":"TW","descripcion":"TW-TAIWAN"},
    {"codigo":"TJ","descripcion":"TJ-TAJIKISTAN"},
    {"codigo":"TZ","descripcion":"TZ-TANZANIA, UNITED REPUBLIC OF"},
    {"codigo":"1W","descripcion":"1W-TERRITORIO AUTONOMO DE PALESTINA."},
    {"codigo":"TH","descripcion":"TH-THAILAND"},
    {"codigo":"99","descripcion":"99-TODOS LOS PAISES"},
    {"codigo":"TG","descripcion":"TG-TOGO"},
    {"codigo":"TK","descripcion":"TK-TOKELAU"},
    {"codigo":"TO","descripcion":"TO-TONGA"},
    {"codigo":"TT","descripcion":"TT-TRINIDAD AND TOBAGO"},
    {"codigo":"TN","descripcion":"TN-TUNISIA"},
    {"codigo":"TR","descripcion":"TR-TURKEY"},
    {"codigo":"TM","descripcion":"TM-TURKMENISTAN"},
    {"codigo":"TC","descripcion":"TC-TURKS AND CAICOS ISLANDS"},
    {"codigo":"TV","descripcion":"TV-TUVALU"},
    {"codigo":"UG","descripcion":"UG-UGANDA"},
    {"codigo":"UA","descripcion":"UA-UKRAINE"},
    {"codigo":"AE","descripcion":"AE-UNITED ARAB EMIRATES"},
    {"codigo":"GB","descripcion":"GB-UNITED KINGDOM"},
    {"codigo":"UM","descripcion":"UM-UNITED STATES MINOR OUTLYING ISLANDS"},
    {"codigo":"1H","descripcion":"1H-URSS"},
    {"codigo":"UZ","descripcion":"UZ-UZBEKISTAN"},
    {"codigo":"VU","descripcion":"VU-VANUATU"},
    {"codigo":"VA","descripcion":"VA-VATICAN CITY STATE (HOLY SEE)"},
    {"codigo":"VN","descripcion":"VN-VIET NAM"},
    {"codigo":"1I","descripcion":"1I-VIETNAM (DEL NORTE)"},
    {"codigo":"VG","descripcion":"VG-VIRGIN ISLANDS (BRITISH)"},
    {"codigo":"VI","descripcion":"VI-VIRGIN ISLANDS (U.S.)"},
    {"codigo":"1V","descripcion":"1V-WAKE, ISLA"},
    {"codigo":"WF","descripcion":"WF-WALLIS AND FUTUNA ISLANDS"},
    {"codigo":"EH","descripcion":"EH-WESTERN SAHARA"},
    {"codigo":"YE","descripcion":"YE-YEMEN"},
    {"codigo":"YU","descripcion":"YU-YUGOSLAVIA"},
    {"codigo":"ZR","descripcion":"ZR-ZAIRE"},
    {"codigo":"ZM","descripcion":"ZM-ZAMBIA"},
    {"codigo":"ZW","descripcion":"ZW-ZIMBABWE"},
    {"codigo":"CW","descripcion":"CW-CURACAO"},
    {"codigo":"1L","descripcion":"1L-ZONA DEL CANAL DE PANAMA"},
    {"codigo":"1B","descripcion":"1B-ZONAS FRANCAS DEL PERU"},
    {"codigo":"1D","descripcion":"1D-AGUAS INTERNACIONALES"}
    ]
  